[
    {
        "date": "vor 4 h",
        "header": "8K ist eine TV-Revolution ohne Revolution\u00e4re",
        "text": "Auf der Elektronikmesse IFA soll die Aufl\u00f6sung 8K das n\u00e4chste Fernsehzeitalter einl\u00e4uten - ohne 8K-Inhalte.",
        "image": "https:\/\/image.futurezone.at\/images\/cfs_square_104\/3088278\/civilizationvi_gs_announcement_004.jpg",
        "url": "https:\/\/futurezone.at\/produkte\/8k-ist-eine-tv-revolution-ohne-revolutionaere\/400104626",
        "id": "334f86d0d6556788",
        "catlabel": "produkte"
    },
    {
        "date": "vor 2 h",
        "header": "Geleakte Fotos zeigen iPhone XS und Apple Watch Series 4",
        "text": "Offizielle Fotos der neuen Apple-Ger\u00e4te sind knapp zwei Wochen vor der Pr\u00e4sentation an die \u00d6ffentlichkeit geraten.",
        "image": "https:\/\/image.futurezone.at\/images\/cfs_landscape_616w_347h\/2833124\/0j6a6729.jpg",
        "url": "https:\/\/futurezone.at\/produkte\/geleakte-fotos-zeigen-iphone-xs-und-apple-watch-series-4\/400105016",
        "id": "ca81e237f103c4ad",
        "catlabel": "produkte"
    },
    {
        "date": "vor 3 h",
        "header": "ISS-Astronaut schlie\u00dft Loch in Raumstation mit Daumen",
        "text": "ISS-Kommandant Alexander Gerst hat eine ungew\u00f6hnliche L\u00f6sung gefunden, um ein kleines Loch zu schlie\u00dfen.",
        "image": "https:\/\/image.futurezone.at\/images\/cfs_square_104\/3087771\/46-102342182.jpg",
        "url": "https:\/\/futurezone.at\/science\/iss-astronaut-schliesst-loch-in-raumstation-mit-daumen\/400105001",
        "id": "6a6aeb3dbe622a1a",
        "catlabel": "science"
    },
    {
        "date": "vor 1 h",
        "header": "Nach Online-Umfrage: EU-Kommission will Zeitumstellung abschaffen",
        "text": "EU-Kommissionspr\u00e4sident Jean-Claude Juncker will sich nach dem Ergebnis der Online-Umfrage richten und spricht sich f\u00fcr eine \"dauerhafte Sommerzeit\" aus.",
        "image": "https:\/\/image.futurezone.at\/images\/cfs_square_104\/3060597\/46-115120796.jpg",
        "url": "https:\/\/futurezone.at\/digital-life\/nach-online-umfrage-eu-kommission-will-zeitumstellung-abschaffen\/400105100",
        "id": "f0b8ae669c42f95d",
        "catlabel": "digital-life"
    },
    {
        "categoryid": 12,
        "date": "vor 15 min",
        "header": "Google steckt Mensch in Riesen-Automat, um Sprachsteuerung zu bewerben",
        "text": "Auf der IFA ist ein \u00fcberdimensionaler Automat aufgestellt, bei dem Besucher Preise kriegen, wenn sie den Google Assistent Fragen stellen.",
        "image": "https:\/\/image.futurezone.at\/images\/cfs_square_104\/3086991\/rr.jpg",
        "url": "https:\/\/futurezone.at\/digital-life\/google-steckt-mensch-in-riesen-automat-um-sprachsteuerung-zu-bewerben\/400104917",
        "id": "e394eef936f7e12d",
        "catlabel": "digital-life"
    },
    {
        "date": "vor 4 h",
        "header": "8K ist eine TV-Revolution ohne Revolution\u00e4re",
        "text": "Auf der Elektronikmesse IFA soll die Aufl\u00f6sung 8K das n\u00e4chste Fernsehzeitalter einl\u00e4uten - ohne 8K-Inhalte.",
        "image": "https:\/\/image.futurezone.at\/images\/cfs_square_104\/3088278\/civilizationvi_gs_announcement_004.jpg",
        "url": "https:\/\/futurezone.at\/produkte\/8k-ist-eine-tv-revolution-ohne-revolutionaere\/400104626",
        "id": "f4f062aaa74baf58",
        "catlabel": "produkte"
    },
    {
        "date": "vor 2 h",
        "header": "Geleakte Fotos zeigen iPhone XS und Apple Watch Series 4",
        "text": "Offizielle Fotos der neuen Apple-Ger\u00e4te sind knapp zwei Wochen vor der Pr\u00e4sentation an die \u00d6ffentlichkeit geraten.",
        "image": "https:\/\/image.futurezone.at\/images\/cfs_landscape_616w_347h\/2833124\/0j6a6729.jpg",
        "url": "https:\/\/futurezone.at\/produkte\/geleakte-fotos-zeigen-iphone-xs-und-apple-watch-series-4\/400105016",
        "id": "149cbc6db1343067",
        "catlabel": "produkte"
    },
    {
        "date": "vor 3 h",
        "header": "ISS-Astronaut schlie\u00dft Loch in Raumstation mit Daumen",
        "text": "ISS-Kommandant Alexander Gerst hat eine ungew\u00f6hnliche L\u00f6sung gefunden, um ein kleines Loch zu schlie\u00dfen.",
        "image": "https:\/\/image.futurezone.at\/images\/cfs_square_104\/3087771\/46-102342182.jpg",
        "url": "https:\/\/futurezone.at\/science\/iss-astronaut-schliesst-loch-in-raumstation-mit-daumen\/400105001",
        "id": "ed6cb5be8a4ea8f7",
        "catlabel": "science"
    },
    {
        "date": "vor 1 h",
        "header": "Nach Online-Umfrage: EU-Kommission will Zeitumstellung abschaffen",
        "text": "EU-Kommissionspr\u00e4sident Jean-Claude Juncker will sich nach dem Ergebnis der Online-Umfrage richten und spricht sich f\u00fcr eine \"dauerhafte Sommerzeit\" aus.",
        "image": "https:\/\/image.futurezone.at\/images\/cfs_square_104\/3060597\/46-115120796.jpg",
        "url": "https:\/\/futurezone.at\/digital-life\/nach-online-umfrage-eu-kommission-will-zeitumstellung-abschaffen\/400105100",
        "id": "ed0172bbdfebf1cc",
        "catlabel": "digital-life"
    },
    {
        "date": "vor 15 min",
        "header": "Google steckt Mensch in Riesen-Automat, um Sprachsteuerung zu bewerben",
        "text": "Auf der IFA ist ein \u00fcberdimensionaler Automat aufgestellt, bei dem Besucher Preise kriegen, wenn sie den Google Assistent Fragen stellen.",
        "image": "https:\/\/image.futurezone.at\/images\/cfs_square_104\/3086991\/rr.jpg",
        "url": "https:\/\/futurezone.at\/digital-life\/google-steckt-mensch-in-riesen-automat-um-sprachsteuerung-zu-bewerben\/400104917",
        "id": "b4916d8308917d96",
        "catlabel": "digital-life"
    }
]