[
    {
        "hot": true,
        "date": "vor 4 h",
        "header": "8K ist eine TV-Revolution ohne Revolution\u00e4re",
        "text": "Auf der Elektronikmesse IFA soll die Aufl\u00f6sung 8K das n\u00e4chste Fernsehzeitalter einl\u00e4uten - ohne 8K-Inhalte.",
        "image": "https:\/\/image.futurezone.at\/images\/cfs_landscape_616w_347h\/2781242\/46-111989836.jpg",
        "url": "https:\/\/futurezone.at\/produkte\/8k-ist-eine-tv-revolution-ohne-revolutionaere\/400104626",
        "id": "215a1be8e05e12ce",
        "catlabel": "produkte"
    },
    {
        "date": "vor 2 h",
        "header": "Geleakte Fotos zeigen iPhone XS und Apple Watch Series 4",
        "text": "Offizielle Fotos der neuen Apple-Ger\u00e4te sind knapp zwei Wochen vor der Pr\u00e4sentation an die \u00d6ffentlichkeit geraten.",
        "image": "https:\/\/image.futurezone.at\/images\/cfs_landscape_616w_347h\/2782016\/iphone-xs.jpg",
        "url": "https:\/\/futurezone.at\/produkte\/geleakte-fotos-zeigen-iphone-xs-und-apple-watch-series-4\/400105016",
        "id": "b1c454ace2704ec9",
        "catlabel": "produkte"
    },
    {
        "date": "vor 3 h",
        "header": "ISS-Astronaut schlie\u00dft Loch in Raumstation mit Daumen",
        "text": "ISS-Kommandant Alexander Gerst hat eine ungew\u00f6hnliche L\u00f6sung gefunden, um ein kleines Loch zu schlie\u00dfen.",
        "image": "https:\/\/image.futurezone.at\/images\/cfs_landscape_616w_347h\/2782001\/46-70454143.jpg",
        "url": "https:\/\/futurezone.at\/science\/iss-astronaut-schliesst-loch-in-raumstation-mit-daumen\/400105001",
        "id": "ec076e6262e2c845",
        "catlabel": "science"
    },
    {
        "date": "vor 1 h",
        "header": "Nach Online-Umfrage: EU-Kommission will Zeitumstellung abschaffen",
        "text": "EU-Kommissionspr\u00e4sident Jean-Claude Juncker will sich nach dem Ergebnis der Online-Umfrage richten und spricht sich f\u00fcr eine \"dauerhafte Sommerzeit\" aus.",
        "image": "https:\/\/image.futurezone.at\/images\/cfs_landscape_616w_347h\/2753852\/20180815-ABD0054-1-1.jpg",
        "url": "https:\/\/futurezone.at\/digital-life\/nach-online-umfrage-eu-kommission-will-zeitumstellung-abschaffen\/400105100",
        "id": "d7a23c87a6eb6260",
        "catlabel": "digital-life"
    },
    {
        "date": "vor 15 min",
        "header": "Google steckt Mensch in Riesen-Automat, um Sprachsteuerung zu bewerben",
        "text": "Auf der IFA ist ein \u00fcberdimensionaler Automat aufgestellt, bei dem Besucher Preise kriegen, wenn sie den Google Assistent Fragen stellen.",
        "image": "https:\/\/image.futurezone.at\/images\/cfs_landscape_616w_347h\/2781911\/20180830_135350.jpg",
        "url": "https:\/\/futurezone.at\/digital-life\/google-steckt-mensch-in-riesen-automat-um-sprachsteuerung-zu-bewerben\/400104917",
        "id": "f3a32e34796f2389",
        "catlabel": "digital-life"
    }
]