[
    {
        "date": "24.09.2018",
        "text": "Samsung best\u00e4tigt: Faltbares Smartphone kommt noch dieses Jahr",
        "image": "https:\/\/image.futurezone.at\/images\/cfs_square_104\/2789942\/galaxy-x-render.jpg",
        "url": "#",
        "id": "e01527b40d409c0e",
        "catlabel": "produkte"
    },
    {
        "date": "29.08.2018",
        "text": "Tesla bringt langsames Akkupack f\u00fcr Smartphones",
        "image": "https:\/\/image.futurezone.at\/images\/cfs_square_104\/2777435\/teslacharger3-800x747.jpg",
        "url": "#",
        "id": "1b9c0cba30b04ff0",
        "catlabel": "produkte"
    },
    {
        "date": "05.09.2018",
        "text": "Die deutschen Autohersteller starten den Angriff auf Tesla",
        "image": "https:\/\/image.futurezone.at\/images\/cfs_square_104\/2791661\/18c0736_006.jpg",
        "url": "#",
        "id": "0fe5b0597ceadc57",
        "catlabel": "produkte"
    },
    {
        "date": "05.09.2018",
        "text": "Neue Bilder des n\u00e4chsten Tesla Roadster ver\u00f6ffentlicht",
        "image": "https:\/\/image.futurezone.at\/images\/cfs_square_104\/2791211\/tesla3.jpg",
        "url": "#",
        "id": "528165452e073586",
        "catlabel": "produkte"
    },
    {
        "date": "03.09.2018",
        "text": "Epic zeigt neuen Modus f\u00fcr Fortnite",
        "image": "https:\/\/image.futurezone.at\/images\/cfs_square_104\/2787494\/fortnite-high-stakes-svelati-dorso-deltaplano-4-modelli-del-costume-wild-card-v3-342199-1280x720-1-924x520.jpg",
        "url": "#",
        "id": "1fb75a6bcc90ca6c",
        "catlabel": "games"
    },
    {
        "date": "04.09.2018",
        "text": "Start abgebrochen: Teenager schickt Tatort-Foto an alle iPhones im Flugzeug",
        "image": "https:\/\/image.futurezone.at\/images\/cfs_square_104\/2790032\/46-112108968.jpg",
        "url": "#",
        "id": "ecc995a779285b15",
        "catlabel": "digital-life"
    },
    {
        "date": "03.09.2018",
        "text": "Xiaomi will High-End-Smartphone f\u00fcr 250 Euro anbieten",
        "image": "https:\/\/image.futurezone.at\/images\/cfs_square_104\/2787800\/46-110250526.jpg",
        "url": "#",
        "id": "d07020274ddddcb7",
        "catlabel": "produkte"
    },
    {
        "date": "29.08.2018",
        "text": "Netflix will nichts mit \u201cBinge-Watching\u201d zu tun haben",
        "image": "https:\/\/image.futurezone.at\/images\/cfs_square_104\/2778326\/46-108581299.jpg",
        "url": "#",
        "id": "a04b5a90490e13c8",
        "catlabel": "digital-life"
    },
    {
        "date": "29.08.2018",
        "text": "Video: Dreamliner versucht w\u00e4hrend Taifun zu landen",
        "image": "https:\/\/image.futurezone.at\/images\/cfs_square_104\/2775947\/46-85363054.jpg",
        "url": "#",
        "id": "0880538af5021c4d",
        "catlabel": "digital-life"
    },
    {
        "date": "05.09.2018",
        "text": "Das erste E-Auto von Mercedes setzt auf ein futuristisches Innendesign",
        "image": "https:\/\/image.futurezone.at\/images\/cfs_square_104\/2791616\/18c0623_004.jpg",
        "id": "a5d24f451ca09d91",
        "catlabel": "produkte"
    }
]