[
    {
        "date": "vor 14 min",
        "text": "Teslas Chefbuchhalter AND <b>Finanzminister<\/b> tritt nach nur einem Monat wieder ab",
        "image": "https:\/\/image.futurezone.at\/images\/cfs_square_104\/2529390\/46-106711513.jpg",
        "url": "#",
        "id": "bea2a74509422a23",
        "catlabel": "b2b"
    },
    {
        "date": "vor 17 min",
        "text": "Opposition dr\u00e4ngt Finanzminister auf Digitalsteuer",
        "image": "https:\/\/image.futurezone.at\/images\/cfs_square_104\/2792141\/20180905-ABD0054-1-1.jpg",
        "url": "#",
        "id": "66b12d328f84e9f4",
        "catlabel": "netzpolitik"
    },
    {
        "date": "vor 26 min",
        "text": "So spotten die Internet-Nutzer \u00fcber den kiffenden Elon Musk",
        "image": "https:\/\/image.futurezone.at\/images\/cfs_square_104\/2797424\/wavz9ph.jpg",
        "url": "#",
        "id": "81fdaecac58910f1",
        "catlabel": "digital-life"
    },
    {
        "date": "vor 2h",
        "text": "Hofer erforscht mit FH Ober\u00f6sterreich die Zukunft des Handels",
        "image": "https:\/\/image.futurezone.at\/images\/cfs_square_104\/2797115\/46-48114444.jpg",
        "url": "#",
        "id": "e4ad659f014dff0a",
        "catlabel": "b2b"
    },
    {
        "date": "vor 2h",
        "text": "B\u00e4ckerei Felber finanziert Solarstromanlage \u00fcber Crowdfunding",
        "image": "https:\/\/image.futurezone.at\/images\/cfs_square_104\/2797061\/46-72014874.jpg",
        "url": "#",
        "id": "61a0601c1e665e7f",
        "catlabel": "b2b"
    },
    {
        "date": "vor 3h",
        "text": "Erstes Video von Battle-Royale-Modus f\u00fcr Call of Duty",
        "image": "https:\/\/image.futurezone.at\/images\/cfs_square_104\/2797025\/maxresdefault.jpg",
        "url": "#",
        "id": "2babca778f4332ac",
        "catlabel": "games"
    },
    {
        "date": "vor 3h",
        "text": "Venezuela: Kryptow\u00e4hrung Petro wird zum Superflop",
        "image": "https:\/\/image.futurezone.at\/images\/cfs_square_104\/2797034\/46-107896458.jpg",
        "url": "#",
        "id": "6cb40109f626c1c2",
        "catlabel": "b2b"
    },
    {
        "date": "vor 3h",
        "text": "Leak soll Nokia 9 mit f\u00fcnf Kameras zeigen",
        "image": "https:\/\/image.futurezone.at\/images\/cfs_square_104\/2797013\/20180906_224901_987.jpg",
        "url": "#",
        "id": "5f627b84b0b129de",
        "catlabel": "produkte"
    },
    {
        "date": "vor 4h",
        "text": "Neuer Tor Browser 8 macht anonymes Surfen bequemer",
        "image": "https:\/\/image.futurezone.at\/images\/cfs_square_104\/2796800\/46-109031063.jpg",
        "url": "#",
        "id": "0ee1920b6884844c",
        "catlabel": "produkt"
    },
    {
        "date": "vor 4h",
        "text": "US-Start-up Lime startet mit Tretroller-Sharing in Wien",
        "image": "https:\/\/image.futurezone.at\/images\/cfs_square_104\/2796794\/46-110764038.jpg",
        "url": "#",
        "id": "e866458d83d5fad8",
        "catlabel": "digital-life"
    }
]